<?xml version="1.0" encoding="UTF-8"?>
<content xmlns:j="http://www.jahia.org/jahia/1.0" xmlns:jcr="http://www.jcp.org/jcr/1.0">
    <roles jcr:primaryType="jnt:roles"
          jcr:uuid="d992aed9-be87-48ef-92f7-3a5bbf098ba1">
        <reader j:permissionNames="addComment commentTask createPost createTopic executeTask jcr:read_live"
              j:roleGroup="live-role"
              jcr:primaryType="jnt:role"
              jcr:uuid="5a3d69d6-27d2-42f3-8d75-f9751a170eb2"/>
        <jahiapp-user j:permissionNames="createNewBlog createRoom createSection editWikiContent viewWikiHistory"
                    j:roleGroup="live-role"
                    jcr:primaryType="jnt:role"
                    jcr:uuid="cb2f6c39-5960-411e-a980-5127ac6cb7a2"/>
        <owner j:permissionNames="actions engineTabs jcr:all_default jcr:all_live publish"
             j:roleGroup="live-role"
             jcr:primaryType="jnt:role"
             jcr:uuid="83eb6cb7-d0ec-4d04-af98-86462c4e4959"/>
        <privileged j:hidden="true"
                  j:permissionNames="jcr:readAccessControl_default jcr:readAccessControl_live jcr:read_default sitemapSelector useComponent"
                  j:roleGroup="edit-role"
                  jcr:primaryType="jnt:role"
                  jcr:uuid="d96a6963-c322-468a-aa45-0ad44321087a"/>
        <contributor j:hidden="false"
                   j:permissionNames="jcr:all_default publication-finish-correction publication-start"
                   j:privilegedAccess="true"
                   j:roleGroup="edit-role"
                   jcr:primaryType="jnt:role"
                   jcr:uuid="ae3de62b-7ec5-4e9c-b2c3-751d26394b24">
            <currentSite-access j:path="currentSite"
                             j:permissionNames="components contributeMode editorialContentManager fileManager templates viewCategoriesTab viewContentTab viewMetadataTab"
                             jcr:primaryType="jnt:externalPermissions"
                             jcr:uuid="bc54207b-0f31-4384-9376-6dfd557ea6cf"/>
            <j:translation_en jcr:description="Can edit content using contribute mode"
                           jcr:language="en"
                           jcr:lastModified="2017-01-31T11:16:00.462+01:00"
                           jcr:lastModifiedBy=""
                           jcr:mixinTypes="mix:title"
                           jcr:primaryType="jnt:translation"
                           jcr:title="Contributor"
                           jcr:uuid="4c11c65d-b7ac-4e51-ae02-6af79b8c28a9"/>
        </contributor>
        <editor j:hidden="false"
              j:permissionNames="jcr:all_default move publication-finish-correction publication-start"
              j:privilegedAccess="true"
              j:roleGroup="edit-role"
              jcr:primaryType="jnt:role"
              jcr:uuid="8ef9348c-ce32-49bc-a606-d2f31b55ab52">
            <currentSite-access j:path="currentSite"
                             j:permissionNames="components editModeAccess editModeActions editSelector managers templates view-full-wysiwyg-editor viewCategoriesTab viewContentTab viewContributeModeTab viewLayoutTab viewMetadataTab viewOptionsTab viewSeoTab viewVisibilityTab"
                             jcr:primaryType="jnt:externalPermissions"
                             jcr:uuid="21d17234-8d14-4c6c-891c-f497f1f38ae3"/>
            <editor-in-chief j:hidden="false"
                          j:permissionNames="adminMicrosoftTranslation comments deleteBlog deleteBlogEntry editBlog editBlogEntry forum publish remotePublicationManager siteAdminLinkChecker wiki workflow-tasks"
                          j:privilegedAccess="true"
                          j:roleGroup="edit-role"
                          jcr:primaryType="jnt:role"
                          jcr:uuid="a4239a60-17f7-42d4-9540-20cc611d6269">
                <j:translation_en jcr:description="View all engine tabs, is also allowed to grant and revoke roles on content"
                              jcr:language="en"
                              jcr:lastModified="2017-01-31T11:16:00.462+01:00"
                              jcr:lastModifiedBy=""
                              jcr:mixinTypes="mix:title"
                              jcr:primaryType="jnt:translation"
                              jcr:title="Editor in chief"
                              jcr:uuid="5f5678c1-f9d4-4778-bc0e-990960e440b4"/>
                <currentSite-access j:path="currentSite"
                                j:permissionNames="editMode"
                                jcr:primaryType="jnt:externalPermissions"
                                jcr:uuid="271936c7-70dd-41f0-9367-a17152dd42ad"/>
            </editor-in-chief>
            <j:translation_en jcr:description="Can edit content using edit mode"
                           jcr:language="en"
                           jcr:lastModified="2017-01-31T11:16:00.462+01:00"
                           jcr:lastModifiedBy=""
                           jcr:mixinTypes="mix:title"
                           jcr:primaryType="jnt:translation"
                           jcr:title="Editor"
                           jcr:uuid="3939da1e-b33d-425d-b97e-05591df0fd52"/>
        </editor>
        <translator j:hidden="true"
                  j:permissionNames="jcr:versionManagement_default publication-finish-correction publication-start"
                  j:privilegedAccess="true"
                  j:roleGroup="edit-role"
                  jcr:primaryType="jnt:role"
                  jcr:uuid="ba65c47d-38db-47d7-baf7-2220d9780375">
            <currentSite-access j:path="currentSite"
                             j:permissionNames="components editModeAccess sitemapSelector view-full-wysiwyg-editor"
                             jcr:primaryType="jnt:externalPermissions"
                             jcr:uuid="efda81ed-0ac6-43fd-bc5d-5ba9f6cd988d"/>
            <translator-en j:permissionNames="jcr:modifyProperties_default_en"
                        j:privilegedAccess="true"
                        j:roleGroup="edit-role"
                        jcr:primaryType="jnt:role"
                        jcr:uuid="7201b728-4a6f-4809-8276-02063ac428a7"/>
            <translator-de j:permissionNames="jcr:modifyProperties_default_de"
                        j:privilegedAccess="true"
                        j:roleGroup="edit-role"
                        jcr:primaryType="jnt:role"
                        jcr:uuid="ee4e3e79-c673-45ee-949d-d6b60e0f30d5"/>
            <translator-pt j:permissionNames="jcr:modifyProperties_default_pt"
                        j:privilegedAccess="true"
                        j:roleGroup="edit-role"
                        jcr:primaryType="jnt:role"
                        jcr:uuid="c87d3c2d-861c-4da9-8028-8c079244e228"/>
            <translator-it j:permissionNames="jcr:modifyProperties_default_it"
                        j:privilegedAccess="true"
                        j:roleGroup="edit-role"
                        jcr:primaryType="jnt:role"
                        jcr:uuid="a66b5593-3156-4907-99ca-963851e5dd1e"/>
            <translator-fr j:permissionNames="jcr:modifyProperties_default_fr"
                        j:privilegedAccess="true"
                        j:roleGroup="edit-role"
                        jcr:primaryType="jnt:role"
                        jcr:uuid="c1add074-47d1-419c-a99a-609288e4fec0"/>
            <translator-es j:permissionNames="jcr:modifyProperties_default_es"
                        j:privilegedAccess="true"
                        j:roleGroup="edit-role"
                        jcr:primaryType="jnt:role"
                        jcr:uuid="aff08046-72ff-4fb7-a9c0-87075e8b79af"/>
        </translator>
        <reviewer j:hidden="false"
                j:permissionNames="jcr:read_default publication-choose-remote publication-first-review publication-review publish startWorkflow"
                j:privilegedAccess="true"
                j:roleGroup="edit-role"
                jcr:primaryType="jnt:role"
                jcr:uuid="404ea0b0-0f8e-4aa7-bd6a-48551b177c37">
            <currentSite-access j:path="currentSite"
                             j:permissionNames="contributeMode editModeAccess sitemapSelector viewCategoriesTab viewContentTab viewLayoutTab viewMetadataTab viewSeoTab"
                             jcr:primaryType="jnt:externalPermissions"
                             jcr:uuid="412cdcb6-9f31-48c1-b66a-2ebda49ee88d"/>
            <j:translation_en jcr:description="Grant access to view the content and validate changes done by editors before publication"
                           jcr:language="en"
                           jcr:lastModified="2017-01-31T11:16:00.462+01:00"
                           jcr:lastModifiedBy=""
                           jcr:mixinTypes="mix:title"
                           jcr:primaryType="jnt:translation"
                           jcr:title="Reviewer"
                           jcr:uuid="4f0de417-9340-4363-9d02-315df385ac4f"/>
        </reviewer>
        <web-designer j:hidden="false"
                    j:nodeTypes="rep:root"
                    j:permissionNames="adminTemplates"
                    j:privilegedAccess="true"
                    j:roleGroup="server-role"
                    jcr:primaryType="jnt:role"
                    jcr:uuid="4b177952-bce1-438f-b1c2-36ed8f14910d">
            <modules-access j:path="/modules"
                         j:permissionNames="components editModeActions editSelector engineTabs jcr:all_default managers studioMode templates useComponent wysiwyg-editor-toolbar"
                         jcr:primaryType="jnt:externalPermissions"
                         jcr:uuid="55fa9fba-381d-4399-954d-0ac363b9075f"/>
            <j:translation_en jcr:description="Gives full access to the studio"
                           jcr:language="en"
                           jcr:lastModified="2017-01-31T11:16:00.462+01:00"
                           jcr:lastModifiedBy=""
                           jcr:mixinTypes="mix:title"
                           jcr:primaryType="jnt:translation"
                           jcr:title="Web designer"
                           jcr:uuid="eef73f39-9d4d-4a8c-b07a-eafadd2c88f6"/>
        </web-designer>
        <site-administrator j:hidden="false"
                          j:permissionNames="adminMicrosoftTranslation components contributeMode editMode jcr:all_default managers publish remotePublicationManager site-admin siteAdminLinkChecker templates workflow-tasks wysiwyg-editor-toolbar"
                          j:privilegedAccess="true"
                          j:roleGroup="site-role"
                          jcr:primaryType="jnt:role"
                          jcr:uuid="c6524086-1454-4ddf-8b5f-dfc7510a41e8">
            <j:translation_en jcr:description="Gives administrative privileges over the site"
                           jcr:language="en"
                           jcr:lastModified="2017-01-31T11:16:00.462+01:00"
                           jcr:lastModifiedBy=""
                           jcr:mixinTypes="mix:title"
                           jcr:primaryType="jnt:translation"
                           jcr:title="Site administrator"
                           jcr:uuid="84163926-6bcb-4cfb-af02-4c69d66d7392"/>
        </site-administrator>
        <server-administrator j:hidden="false"
                            j:nodeTypes="rep:root"
                            j:permissionNames="admin publish repository-permissions"
                            j:privilegedAccess="true"
                            j:roleGroup="server-role"
                            jcr:primaryType="jnt:role"
                            jcr:uuid="1315a57a-9529-4ee3-acbf-e5b5dc5675bf">
            <j:translation_en jcr:description="Grant access to the server administration"
                           jcr:language="en"
                           jcr:lastModified="2017-01-31T11:16:00.462+01:00"
                           jcr:lastModifiedBy=""
                           jcr:mixinTypes="mix:title"
                           jcr:primaryType="jnt:translation"
                           jcr:title="Server administrator"
                           jcr:uuid="4ecfec7c-6629-4a0d-b473-4becbbc3ace6"/>
            <currentSite-access j:path="/sites/systemsite"
                             j:permissionNames="engineTabs managers"
                             jcr:primaryType="jnt:externalPermissions"
                             jcr:uuid="fb98e531-f99f-439f-8924-bdded671d24a"/>
        </server-administrator>
    </roles>
</content>
